shopify_order_id,shopify_customer_id,amount,currency,status,ordered_at
10001_1,10001,53.25,EUR,paid,2025-09-28
10002_1,10002,89.0,EUR,paid,2025-11-12
10003_1,10003,171.0,EUR,paid,2025-11-12
10003_2,10003,121.8,EUR,paid,2025-12-12
10004_1,10004,55.0,EUR,paid,2025-12-27
10005_1,10005,124.8,EUR,paid,2025-12-10
10005_2,10005,136.2,EUR,paid,2026-01-11
10006_1,10006,200.0,EUR,paid,2026-01-26
10007_1,10007,157.9,EUR,paid,2026-01-07
10007_2,10007,175.0,EUR,paid,2026-02-10
10008_1,10008,75.0,EUR,paid,2026-02-25
10009_1,10009,89.0,EUR,paid,2026-03-05
10010_1,10010,141.0,EUR,paid,2026-02-03
10010_2,10010,160.0,EUR,paid,2026-03-12
10011_1,10011,145.0,EUR,paid,2026-02-07
10011_2,10011,145.0,EUR,paid,2026-03-17
10012_1,10012,172.6,EUR,paid,2026-03-22
10013_1,10013,220.0,EUR,paid,2026-03-30
10014_1,10014,329.6,EUR,paid,2026-01-11
10014_2,10014,190.2,EUR,paid,2026-02-20
10014_3,10014,222.5,EUR,paid,2026-04-03
10015_1,10015,258.4,EUR,paid,2026-03-05
10015_2,10015,288.8,EUR,paid,2026-04-16
10016_1,10016,241.5,EUR,paid,2026-02-04
10016_2,10016,270.0,EUR,paid,2026-03-18
10016_3,10016,298.5,EUR,paid,2026-05-01
10017_1,10017,415.6,EUR,paid,2025-12-30
10017_2,10017,235.2,EUR,paid,2026-02-10
10017_3,10017,277.0,EUR,paid,2026-03-26
10017_4,10017,318.8,EUR,paid,2026-05-11
10018_1,10018,294.2,EUR,paid,2026-04-06
10018_2,10018,318.9,EUR,paid,2026-05-21
10019_1,10019,279.4,EUR,paid,2026-02-28
10019_2,10019,306.0,EUR,paid,2026-04-14
10019_3,10019,191.2,EUR,paid,2026-05-31
10020_1,10020,169.1,EUR,paid,2026-04-24
10020_2,10020,193.8,EUR,paid,2026-06-10
10021_1,10021,266.0,EUR,paid,2026-03-11
10021_2,10021,294.5,EUR,paid,2026-04-27
10021_3,10021,323.0,EUR,paid,2026-06-15
10022_1,10022,365.8,EUR,paid,2026-01-24
10022_2,10022,400.0,EUR,paid,2026-03-12
10022_3,10022,252.4,EUR,paid,2026-04-30
10022_4,10022,286.6,EUR,paid,2026-06-20
10023_1,10023,210.4,EUR,paid,2026-05-04
10023_2,10023,233.2,EUR,paid,2026-06-23
10024_1,10024,210.0,EUR,paid,2026-05-05
10024_2,10024,210.0,EUR,paid,2026-06-25
10025_1,10025,130.0,EUR,paid,2026-01-22
10025_2,10025,130.0,EUR,paid,2026-03-13
10025_3,10025,130.0,EUR,paid,2026-05-04
10025_4,10025,130.0,EUR,paid,2026-06-27
10026_1,10026,217.8,EUR,paid,2026-03-14
10026_2,10026,244.4,EUR,paid,2026-05-05
10026_3,10026,271.0,EUR,paid,2026-06-28
10027_1,10027,336.0,EUR,paid,2026-05-06
10027_2,10027,364.5,EUR,paid,2026-06-29
10028_1,10028,190.0,EUR,paid,2026-03-12
10028_2,10028,220.4,EUR,paid,2026-05-05
10028_3,10028,250.8,EUR,paid,2026-06-30
10029_1,10029,890.0,EUR,paid,2026-07-02
10030_1,10030,462.8,EUR,paid,2026-01-15
10030_2,10030,504.6,EUR,paid,2026-03-11
10030_3,10030,324.2,EUR,paid,2026-05-07
10030_4,10030,366.0,EUR,paid,2026-07-05
10031_1,10031,410.0,EUR,paid,2025-11-20
10031_2,10031,467.0,EUR,paid,2026-01-14
10031_3,10031,524.0,EUR,paid,2026-03-12
10031_4,10031,581.0,EUR,paid,2026-05-10
10031_5,10031,638.0,EUR,paid,2026-07-10
10032_1,10032,344.0,EUR,paid,2026-03-19
10032_2,10032,382.0,EUR,paid,2026-05-16
10032_3,10032,420.0,EUR,paid,2026-07-15
10033_1,10033,697.2,EUR,paid,2025-09-23
10033_2,10033,426.6,EUR,paid,2025-11-18
10033_3,10033,489.3,EUR,paid,2026-01-15
10033_4,10033,552.0,EUR,paid,2026-05-25
10033_5,10033,614.7,EUR,paid,2026-06-21
10033_6,10033,677.4,EUR,paid,2026-07-20
10034_1,10034,368.0,EUR,paid,2026-01-23
10034_2,10034,413.6,EUR,paid,2026-03-23
10034_3,10034,459.2,EUR,paid,2026-06-27
10034_4,10034,504.8,EUR,paid,2026-07-25
10035_1,10035,561.0,EUR,paid,2025-11-24
10035_2,10035,618.0,EUR,paid,2026-05-07
10035_3,10035,675.0,EUR,paid,2026-06-02
10035_4,10035,429.0,EUR,paid,2026-06-30
10035_5,10035,486.0,EUR,paid,2026-07-30
10036_1,10036,827.8,EUR,paid,2026-02-17
10036_2,10036,524.4,EUR,paid,2026-03-12
10036_3,10036,594.7,EUR,paid,2026-04-06
10036_4,10036,665.0,EUR,paid,2026-05-03
10036_5,10036,735.3,EUR,paid,2026-06-01
10036_6,10036,805.6,EUR,paid,2026-07-02
10036_7,10036,502.2,EUR,paid,2026-08-04
10037_1,10037,431.0,EUR,paid,2026-04-15
10037_2,10037,482.3,EUR,paid,2026-05-11
10037_3,10037,533.6,EUR,paid,2026-06-08
10037_4,10037,584.9,EUR,paid,2026-07-08
10037_5,10037,363.5,EUR,paid,2026-08-09
10038_1,10038,420.7,EUR,paid,2026-05-14
10038_2,10038,460.6,EUR,paid,2026-06-11
10038_3,10038,288.4,EUR,paid,2026-07-11
10038_4,10038,328.3,EUR,paid,2026-08-12
10039_1,10039,320.0,EUR,paid,2026-03-12
10039_2,10039,320.0,EUR,paid,2026-04-08
10039_3,10039,320.0,EUR,paid,2026-05-07
10039_4,10039,320.0,EUR,paid,2026-06-07
10039_5,10039,320.0,EUR,paid,2026-07-10
10039_6,10039,320.0,EUR,paid,2026-08-14
10040_1,10040,472.0,EUR,paid,2026-04-11
10040_2,10040,525.2,EUR,paid,2026-05-10
10040_3,10040,578.4,EUR,paid,2026-06-10
10040_4,10040,631.6,EUR,paid,2026-07-13
10040_5,10040,402.0,EUR,paid,2026-08-17
10041_1,10041,881.1,EUR,paid,2025-12-31
10041_2,10041,962.8,EUR,paid,2026-01-27
10041_3,10041,610.2,EUR,paid,2026-02-25
10041_4,10041,691.9,EUR,paid,2026-03-28
10041_5,10041,773.6,EUR,paid,2026-04-30
10041_6,10041,855.3,EUR,paid,2026-06-04
10041_7,10041,937.0,EUR,paid,2026-07-11
10041_8,10041,584.4,EUR,paid,2026-08-19
10042_1,10042,451.6,EUR,paid,2026-03-04
10042_2,10042,512.4,EUR,paid,2026-04-03
10042_3,10042,573.2,EUR,paid,2026-05-05
10042_4,10042,634.0,EUR,paid,2026-06-08
10042_5,10042,694.8,EUR,paid,2026-07-14
10042_6,10042,432.4,EUR,paid,2026-08-21
10043_1,10043,470.0,EUR,paid,2026-04-06
10043_2,10043,519.4,EUR,paid,2026-05-08
10043_3,10043,568.8,EUR,paid,2026-06-11
10043_4,10043,355.6,EUR,paid,2026-07-17
10043_5,10043,405.0,EUR,paid,2026-08-24
10044_1,10044,810.6,EUR,paid,2026-01-22
10044_2,10044,499.0,EUR,paid,2026-02-22
10044_3,10044,571.2,EUR,paid,2026-03-27
10044_4,10044,643.4,EUR,paid,2026-05-01
10044_5,10044,715.6,EUR,paid,2026-06-07
10044_6,10044,787.8,EUR,paid,2026-07-16
10044_7,10044,860.0,EUR,paid,2026-08-26
10045_1,10045,750.0,EUR,paid,2026-04-03
10045_2,10045,750.0,EUR,paid,2026-05-07
10045_3,10045,750.0,EUR,paid,2026-06-12
10045_4,10045,750.0,EUR,paid,2026-07-20
10045_5,10045,750.0,EUR,paid,2026-08-29
10046_1,10046,628.0,EUR,paid,2026-02-22
10046_2,10046,690.7,EUR,paid,2026-03-28
10046_3,10046,753.4,EUR,paid,2026-05-03
10046_4,10046,482.8,EUR,paid,2026-06-10
10046_5,10046,545.5,EUR,paid,2026-07-20
10046_6,10046,608.2,EUR,paid,2026-08-31
10047_1,10047,1085.6,EUR,paid,2025-10-26
10047_2,10047,692.0,EUR,paid,2025-11-27
10047_3,10047,783.2,EUR,paid,2025-12-31
10047_4,10047,874.4,EUR,paid,2026-02-05
10047_5,10047,965.6,EUR,paid,2026-03-15
10047_6,10047,1056.8,EUR,paid,2026-04-24
10047_7,10047,663.2,EUR,paid,2026-06-05
10047_8,10047,754.4,EUR,paid,2026-07-19
10047_9,10047,845.6,EUR,paid,2026-09-03
10048_1,10048,615.4,EUR,paid,2026-01-09
10048_2,10048,687.6,EUR,paid,2026-02-13
10048_3,10048,759.8,EUR,paid,2026-03-22
10048_4,10048,832.0,EUR,paid,2026-04-30
10048_5,10048,520.4,EUR,paid,2026-06-10
10048_6,10048,592.6,EUR,paid,2026-07-23
10048_7,10048,664.8,EUR,paid,2026-09-06
10049_1,10049,590.0,EUR,paid,2026-02-15
10049_2,10049,647.0,EUR,paid,2026-03-24
10049_3,10049,401.0,EUR,paid,2026-05-02
10049_4,10049,458.0,EUR,paid,2026-06-12
10049_5,10049,515.0,EUR,paid,2026-07-25
10049_6,10049,572.0,EUR,paid,2026-09-08
10050_1,10050,325.0,EUR,paid,2026-03-26
10050_2,10050,372.5,EUR,paid,2026-05-04
10050_3,10050,420.0,EUR,paid,2026-06-14
10050_4,10050,467.5,EUR,paid,2026-07-27
10050_5,10050,515.0,EUR,paid,2026-09-10
10051_1,10051,720.6,EUR,paid,2025-11-15
10051_2,10051,800.4,EUR,paid,2025-12-22
10051_3,10051,880.2,EUR,paid,2026-01-30
10051_4,10051,960.0,EUR,paid,2026-03-12
10051_5,10051,615.6,EUR,paid,2026-04-24
10051_6,10051,695.4,EUR,paid,2026-06-08
10051_7,10051,775.2,EUR,paid,2026-07-25
10051_8,10051,855.0,EUR,paid,2026-09-12
10052_1,10052,480.0,EUR,paid,2025-11-10
10052_2,10052,480.0,EUR,paid,2025-12-18
10052_3,10052,480.0,EUR,paid,2026-01-27
10052_4,10052,480.0,EUR,paid,2026-03-10
10052_5,10052,480.0,EUR,paid,2026-04-23
10052_6,10052,480.0,EUR,paid,2026-06-08
10052_7,10052,480.0,EUR,paid,2026-07-26
10052_8,10052,480.0,EUR,paid,2026-09-14
10053_1,10053,809.6,EUR,paid,2025-08-07
10053_2,10053,916.0,EUR,paid,2025-09-13
10053_3,10053,1022.4,EUR,paid,2025-10-22
10053_4,10053,1128.8,EUR,paid,2025-12-02
10053_5,10053,1235.2,EUR,paid,2026-01-14
10053_6,10053,776.0,EUR,paid,2026-02-28
10053_7,10053,882.4,EUR,paid,2026-04-16
10053_8,10053,988.8,EUR,paid,2026-06-04
10053_9,10053,1095.2,EUR,paid,2026-07-25
10053_10,10053,1201.6,EUR,paid,2026-09-16
10054_1,10054,899.7,EUR,paid,2025-09-15
10054_2,10054,992.8,EUR,paid,2025-10-24
10054_3,10054,1085.9,EUR,paid,2025-12-04
10054_4,10054,684.1,EUR,paid,2026-01-16
10054_5,10054,777.2,EUR,paid,2026-03-02
10054_6,10054,870.3,EUR,paid,2026-04-18
10054_7,10054,963.4,EUR,paid,2026-06-06
10054_8,10054,1056.5,EUR,paid,2026-07-27
10054_9,10054,654.7,EUR,paid,2026-09-18
10055_1,10055,1329.0,EUR,paid,2025-06-07
10055_2,10055,828.8,EUR,paid,2025-07-15
10055_3,10055,944.7,EUR,paid,2025-08-24
10055_4,10055,1060.6,EUR,paid,2025-10-05
10055_5,10055,1176.5,EUR,paid,2025-11-18
10055_6,10055,1292.4,EUR,paid,2026-01-03
10055_7,10055,792.2,EUR,paid,2026-02-20
10055_8,10055,908.1,EUR,paid,2026-04-11
10055_9,10055,1024.0,EUR,paid,2026-06-02
10055_10,10055,1139.9,EUR,paid,2026-07-26
10055_11,10055,1255.8,EUR,paid,2026-09-20
10056_1,10056,1840.0,EUR,paid,2025-04-11
10056_2,10056,1840.0,EUR,paid,2025-05-19
10056_3,10056,1840.0,EUR,paid,2025-06-28
10056_4,10056,1840.0,EUR,paid,2025-08-09
10056_5,10056,1840.0,EUR,paid,2025-09-22
10056_6,10056,1840.0,EUR,paid,2025-11-07
10056_7,10056,1840.0,EUR,paid,2025-12-25
10056_8,10056,1840.0,EUR,paid,2026-02-13
10056_9,10056,1840.0,EUR,paid,2026-04-06
10056_10,10056,1840.0,EUR,paid,2026-05-30
10056_11,10056,1840.0,EUR,paid,2026-07-25
10056_12,10056,1840.0,EUR,paid,2026-09-21
10057_1,10057,729.4,EUR,paid,2025-12-02
10057_2,10057,801.6,EUR,paid,2026-01-15
10057_3,10057,490.0,EUR,paid,2026-03-02
10057_4,10057,562.2,EUR,paid,2026-04-19
10057_5,10057,634.4,EUR,paid,2026-06-08
10057_6,10057,706.6,EUR,paid,2026-07-30
10057_7,10057,778.8,EUR,paid,2026-09-22
10058_1,10058,990.0,EUR,paid,2025-10-08
10058_2,10058,637.4,EUR,paid,2025-11-21
10058_3,10058,719.1,EUR,paid,2026-01-06
10058_4,10058,800.8,EUR,paid,2026-02-23
10058_5,10058,882.5,EUR,paid,2026-04-14
10058_6,10058,964.2,EUR,paid,2026-06-05
10058_7,10058,611.6,EUR,paid,2026-07-29
10058_8,10058,693.3,EUR,paid,2026-09-23
10059_1,10059,538.8,EUR,paid,2026-01-12
10059_2,10059,601.5,EUR,paid,2026-02-28
10059_3,10059,664.2,EUR,paid,2026-04-18
10059_4,10059,726.9,EUR,paid,2026-06-08
10059_5,10059,456.3,EUR,paid,2026-07-31
10059_6,10059,519.0,EUR,paid,2026-09-24
10060_1,10060,997.7,EUR,paid,2025-08-05
10060_2,10060,1090.8,EUR,paid,2025-09-19
10060_3,10060,689.0,EUR,paid,2025-11-05
10060_4,10060,782.1,EUR,paid,2025-12-24
10060_5,10060,875.2,EUR,paid,2026-02-13
10060_6,10060,968.3,EUR,paid,2026-04-07
10060_7,10060,1061.4,EUR,paid,2026-06-01
10060_8,10060,659.6,EUR,paid,2026-07-28
10060_9,10060,752.7,EUR,paid,2026-09-25
10061_1,10061,1048.4,EUR,paid,2024-11-06
10061_2,10061,1192.8,EUR,paid,2024-12-17
10061_3,10061,1337.2,EUR,paid,2025-01-29
10061_4,10061,1481.6,EUR,paid,2025-03-15
10061_5,10061,1626.0,EUR,paid,2025-05-01
10061_6,10061,1002.8,EUR,paid,2025-06-19
10061_7,10061,1147.2,EUR,paid,2025-08-09
10061_8,10061,1291.6,EUR,paid,2025-10-01
10061_9,10061,1436.0,EUR,paid,2025-11-25
10061_10,10061,1580.4,EUR,paid,2026-01-21
10061_11,10061,1724.8,EUR,paid,2026-07-04
10061_12,10061,1101.6,EUR,paid,2026-07-30
10061_13,10061,1246.0,EUR,paid,2026-08-27
10061_14,10061,1390.4,EUR,paid,2026-09-26
10062_1,10062,1031.4,EUR,paid,2025-04-05
10062_2,10062,1143.5,EUR,paid,2025-05-20
10062_3,10062,1255.6,EUR,paid,2025-07-06
10062_4,10062,771.8,EUR,paid,2025-08-24
10062_5,10062,883.9,EUR,paid,2025-10-14
10062_6,10062,996.0,EUR,paid,2025-12-06
10062_7,10062,1108.1,EUR,paid,2026-01-30
10062_8,10062,1220.2,EUR,paid,2026-03-28
10062_9,10062,1332.3,EUR,paid,2026-05-26
10062_10,10062,848.5,EUR,paid,2026-08-30
10062_11,10062,960.6,EUR,paid,2026-09-27
