shopify_customer_id,name,email,lifetime_value,days_since_last_order,frequency,aov,risk_tier,risk_score
10001,Maria Kowalski,maria.kowalski11@example.com,53.25,365,1,53.25,high,0.894
10002,Anna Wojcik,anna.wojcik12@example.com,89.0,320,1,89.0,high,0.8841
10003,Katarzyna Lewandowski,katarzyna.lewandowski13@example.com,292.8,290,2,146.4,high,0.8716
10004,Malgorzata Wozniak,malgorzata.wozniak14@example.com,55.0,275,1,55.0,high,0.8743
10005,Agnieszka Jankowski,agnieszka.jankowski15@example.com,261.0,260,2,130.5,high,0.865
10006,Barbara Krawczyk,barbara.krawczyk16@example.com,200.0,245,1,200.0,high,0.8677
10007,Ewa Nowakowska,ewa.nowakowska17@example.com,332.9,230,2,166.45,high,0.8584
10008,Krystyna Adamczyk,krystyna.adamczyk18@example.com,75.0,215,1,75.0,high,0.8611
10009,Zofia Wieczorek,zofia.wieczorek19@example.com,89.0,207,1,89.0,high,0.8594
10010,Elzbieta Krol,elzbieta.krol20@example.com,301.0,200,2,150.5,high,0.8518
10011,Joanna Jaworska,joanna.jaworska21@example.com,290.0,195,2,145.0,high,0.8507
10012,Monika Kowalski,monika.kowalski22@example.com,172.6,190,1,172.6,high,0.8556
10013,Magdalena Wojcik,magdalena.wojcik23@example.com,220.0,182,1,220.0,high,0.8539
10014,Karolina Lewandowski,karolina.lewandowski24@example.com,742.3,178,3,247.43,medium,0.601
10015,Aleksandra Wozniak,aleksandra.wozniak25@example.com,547.2,165,2,273.6,medium,0.6042
10016,Natalia Jankowski,natalia.jankowski26@example.com,810.0,150,3,270.0,medium,0.5949
10017,Jan Krawczyk,jan.krawczyk27@example.com,1246.6,140,4,311.65,medium,0.5867
10018,Piotr Nowakowska,piotr.nowakowska28@example.com,613.1,130,2,306.55,medium,0.5965
10019,Krzysztof Adamczyk,krzysztof.adamczyk29@example.com,776.6,120,3,258.87,medium,0.5883
10020,Andrzej Wieczorek,andrzej.wieczorek30@example.com,362.9,110,2,181.45,medium,0.5921
10021,Tomasz Krol,tomasz.krol31@example.com,883.5,105,3,294.5,medium,0.585
10022,Marek Jaworska,marek.jaworska32@example.com,1304.8,100,4,326.2,medium,0.5779
10023,Marcin Kowalski,marcin.kowalski33@example.com,443.6,97,2,221.8,medium,0.5893
10024,Michal Wojcik,michal.wojcik34@example.com,420.0,95,2,210.0,medium,0.5888
10025,Robert Lewandowski,robert.lewandowski35@example.com,520.0,93,4,130.0,medium,0.5764
10026,Lukasz Wozniak,lukasz.wozniak36@example.com,733.2,92,3,244.4,medium,0.5822
10027,Grzegorz Jankowski,grzegorz.jankowski37@example.com,700.5,91,2,350.25,medium,0.5879
10028,Adam Krawczyk,adam.krawczyk38@example.com,661.2,90,3,220.4,medium,0.5817
10029,Mateusz Nowakowska,mateusz.nowakowska39@example.com,890.0,88,1,890.0,high,0.8333
10030,Jakub Adamczyk,jakub.adamczyk40@example.com,1657.6,85,4,414.4,medium,0.5746
10031,Kamil Wieczorek,kamil.wieczorek41@example.com,2620.0,80,5,524.0,low,0.2375
10032,Bartosz Krol,bartosz.krol42@example.com,1146.0,75,3,382.0,medium,0.5784
10033,Pawel Jaworska,pawel.jaworska43@example.com,3457.2,70,6,576.2,low,0.2293
10034,Rafal Kowalski,rafal.kowalski44@example.com,1745.6,65,4,436.4,medium,0.5702
10035,Dariusz Wojcik,dariusz.wojcik45@example.com,2769.0,60,5,553.8,low,0.2332
10036,Wojciech Lewandowski,wojciech.lewandowski46@example.com,4655.0,55,7,665.0,low,0.2201
10037,Maria Wozniak,maria.wozniak47@example.com,2395.3,50,5,479.06,low,0.231
10038,Anna Jankowski,anna.jankowski48@example.com,1498.0,47,4,374.5,medium,0.5663
10039,Katarzyna Krawczyk,katarzyna.krawczyk49@example.com,1920.0,45,6,320.0,low,0.2239
10040,Malgorzata Nowakowska,malgorzata.nowakowska50@example.com,2609.2,42,5,521.84,low,0.2292
10041,Agnieszka Adamczyk,agnieszka.adamczyk51@example.com,6296.3,40,8,787.04,low,0.2108
10042,Barbara Wieczorek,barbara.wieczorek52@example.com,3298.4,38,6,549.73,low,0.2223
10043,Ewa Krol,ewa.krol53@example.com,2318.8,35,5,463.76,low,0.2277
10044,Krystyna Jaworska,krystyna.jaworska54@example.com,4887.6,33,7,698.23,low,0.2152
10045,Zofia Kowalski,zofia.kowalski55@example.com,3750.0,30,5,750.0,low,0.2266
10046,Elzbieta Wojcik,elzbieta.wojcik56@example.com,3708.6,28,6,618.1,low,0.2201
10047,Joanna Lewandowski,joanna.lewandowski57@example.com,7720.8,25,9,857.87,low,0.2015
10048,Monika Wozniak,monika.wozniak58@example.com,4672.6,22,7,667.51,low,0.2128
10049,Magdalena Jankowski,magdalena.jankowski59@example.com,3183.0,20,6,530.5,low,0.2184
10050,Karolina Krawczyk,karolina.krawczyk60@example.com,2100.0,18,5,420.0,low,0.2239
10051,Aleksandra Nowakowska,aleksandra.nowakowska61@example.com,6302.4,16,8,787.8,low,0.2055
10052,Natalia Adamczyk,natalia.adamczyk62@example.com,3840.0,14,8,480.0,low,0.2051
10053,Jan Wieczorek,jan.wieczorek63@example.com,10056.0,12,10,1005.6,low,0.1926
10054,Piotr Krol,piotr.krol64@example.com,7984.6,10,9,887.18,low,0.1982
10055,Krzysztof Jaworska,krzysztof.jaworska65@example.com,11752.0,8,11,1068.36,low,0.1858
10056,Andrzej Kowalski,andrzej.kowalski66@example.com,22080.0,7,12,1840.0,low,0.1795
10057,Tomasz Wojcik,tomasz.wojcik67@example.com,4703.0,6,7,671.86,low,0.2093
10058,Marek Lewandowski,marek.lewandowski68@example.com,6298.9,5,8,787.36,low,0.2031
10059,Marcin Wozniak,marcin.wozniak69@example.com,3506.7,4,6,584.45,low,0.2149
10060,Michal Jankowski,michal.jankowski70@example.com,7876.8,3,9,875.2,low,0.1967
10061,Robert Krawczyk,robert.krawczyk71@example.com,18606.8,2,14,1329.06,low,0.1784
10062,Lukasz Nowakowska,lukasz.nowakowska72@example.com,11551.9,1,11,1050.17,low,0.1842
