shopify_customer_id,treatment_key,risk_tier,uplift_score,expected_incremental_revenue,revenue_at_risk,proposed_discount,model_version,holdout,outcome_window_days
10001,winback_15,high,0.2371,10.73,13.31,15%,uplift-v3-demo-baseline,False,30
10002,winback_15,high,0.2363,17.88,22.25,15%,uplift-v3-demo-baseline,False,30
10003,winback_15,high,0.2154,26.8,73.2,15%,uplift-v3-demo-baseline,False,30
10004,winback_15,high,0.2356,11.01,13.75,15%,uplift-v3-demo-baseline,False,30
10005,winback_15,high,0.2149,23.84,65.25,15%,uplift-v3-demo-baseline,False,30
10006,winback_15,high,0.2351,39.97,50.0,15%,uplift-v3-demo-baseline,False,30
10007,winback_15,high,0.211,29.85,83.22,15%,uplift-v3-demo-baseline,False,30
10008,winback_15,high,0.2262,14.42,18.75,15%,uplift-v3-demo-baseline,False,30
10009,winback_15,high,0.2235,16.91,22.25,15%,uplift-v3-demo-baseline,False,30
10010,winback_15,high,0.2006,25.66,75.25,15%,uplift-v3-demo-baseline,False,30
10011,winback_15,high,0.1988,24.5,72.5,15%,uplift-v3-demo-baseline,False,30
10012,winback_15,high,0.2175,31.91,43.15,15%,uplift-v3-demo-baseline,False,30
10013,winback_15,high,0.2147,40.15,55.0,15%,uplift-v3-demo-baseline,False,30
10014,winback_15,medium,0.1744,36.68,185.57,15%,uplift-v3-demo-baseline,False,30
10015,winback_15,medium,0.1703,39.6,136.8,15%,uplift-v3-demo-baseline,False,30
10016,winback_15,medium,0.1646,37.78,202.5,15%,uplift-v3-demo-baseline,False,30
10017,nudge_10,medium,0.1457,40.87,311.65,10%,uplift-v3-demo-baseline,False,30
10018,nudge_10,medium,0.1431,39.48,153.28,10%,uplift-v3-demo-baseline,False,30
10019,nudge_10,medium,0.1391,32.41,194.15,10%,uplift-v3-demo-baseline,False,30
10020,nudge_10,medium,0.1361,22.23,90.72,10%,uplift-v3-demo-baseline,False,30
10021,nudge_10,medium,0.1339,35.49,220.88,10%,uplift-v3-demo-baseline,False,30
10022,nudge_10,medium,0.1317,38.66,326.2,10%,uplift-v3-demo-baseline,False,30
10023,nudge_10,medium,0.1315,26.25,110.9,10%,uplift-v3-demo-baseline,False,30
10024,nudge_10,medium,0.1308,24.72,105.0,10%,uplift-v3-demo-baseline,False,30
10025,nudge_10,medium,0.1292,15.12,130.0,10%,uplift-v3-demo-baseline,False,30
10026,nudge_10,medium,0.1293,28.44,183.3,10%,uplift-v3-demo-baseline,False,30
10027,nudge_10,medium,0.1294,40.79,175.12,10%,uplift-v3-demo-baseline,False,30
10028,nudge_10,medium,0.1286,25.51,165.3,10%,uplift-v3-demo-baseline,False,30
10029,winback_15,high,0.1818,137.53,222.5,15%,uplift-v3-demo-baseline,False,30
10030,nudge_10,medium,0.1414,52.74,414.4,10%,uplift-v3-demo-baseline,False,30
10032,nudge_10,medium,0.1234,42.42,286.5,10%,uplift-v3-demo-baseline,False,30
10034,nudge_10,medium,0.1344,52.79,436.4,10%,uplift-v3-demo-baseline,False,30
10038,nudge_10,medium,0.1131,38.12,374.5,10%,uplift-v3-demo-baseline,False,30
